printed_label	pilot_page	supplied	page_type	source_filename	status
I	1	True	front matter	cover001.jpg	reconstructed; needs independent proofreading
II	2	True	front matter	cover002.jpg	reconstructed; needs independent proofreading
1	3	True	title leaf	p001.jpg	reconstructed; needs independent proofreading
2	4	True	parts table	p002.jpg	reconstructed; needs independent proofreading
3	5	True	parts table	p003.jpg	reconstructed; needs independent proofreading
4	6	True	parts table	p004.jpg	reconstructed; needs independent proofreading
5	7	True	parts table	p005.jpg	reconstructed; needs independent proofreading
6	8	True	parts table	p006.jpg	reconstructed; needs independent proofreading
7	9	True	parts table	p007.jpg	reconstructed; needs independent proofreading
8	10	True	parts table	p008.jpg	reconstructed; needs independent proofreading
9	11	True	parts table	p009.jpg	reconstructed; needs independent proofreading
10	12	True	parts table	p010.jpg	reconstructed; needs independent proofreading
11	13	True	parts table	p011.jpg	reconstructed; needs independent proofreading
12	14	True	parts table	p012.jpg	reconstructed; needs independent proofreading
13	15	True	parts table	p013.jpg	reconstructed; needs independent proofreading
14	16	True	parts table	p014.jpg	reconstructed; needs independent proofreading
15	17	True	parts table	p015.jpg	reconstructed; needs independent proofreading
16	18	True	parts table	p016.jpg	reconstructed; needs independent proofreading
17	19	True	parts table	p017.jpg	reconstructed; needs independent proofreading
18	20	True	parts table	p018.jpg	reconstructed; needs independent proofreading
19	21	True	parts table	p019.jpg	reconstructed; needs independent proofreading
20	22	True	parts table	p020.jpg	reconstructed; needs independent proofreading
21	23	True	parts table	p021.jpg	reconstructed; needs independent proofreading
22	24	True	parts table	p022.jpg	reconstructed; needs independent proofreading
23	25	True	parts table	p023.jpg	reconstructed; needs independent proofreading
24	26	True	parts table	p024.jpg	reconstructed; needs independent proofreading
25	27	True	parts table	p025.jpg	reconstructed; needs independent proofreading
26	28	True	parts table	p026.jpg	reconstructed; needs independent proofreading
27	29	True	parts table	p027.jpg	reconstructed; needs independent proofreading
28	30	True	parts table	p028.jpg	reconstructed; needs independent proofreading
29	31	True	parts table	p029.jpg	reconstructed; needs independent proofreading
30	32	True	parts table	p030.jpg	reconstructed; needs independent proofreading
31	33	True	parts table	p031.jpg	reconstructed; needs independent proofreading
32	34	True	parts table	p032.jpg	reconstructed; needs independent proofreading
33	35	True	parts table	p033.jpg	reconstructed; needs independent proofreading
34	36	True	parts table	p034.jpg	reconstructed; needs independent proofreading
35	37	True	parts table	p035.jpg	reconstructed; needs independent proofreading
36	38	True	parts table	p036.jpg	reconstructed; needs independent proofreading
37	39	True	parts table	p037.jpg	reconstructed; needs independent proofreading
38	40	True	parts table	p038.jpg	reconstructed; needs independent proofreading
39	41	True	parts table	p039.jpg	reconstructed; needs independent proofreading
40	42	True	parts table	p040.jpg	reconstructed; needs independent proofreading
41	43	True	parts table	p041.jpg	reconstructed; needs independent proofreading
42	44	True	parts table	p042.jpg	reconstructed; needs independent proofreading
43	45	True	parts table	p043.jpg	reconstructed; needs independent proofreading
44	46	True	parts table	p044.jpg	reconstructed; needs independent proofreading
45	47	True	parts table	p045.jpg	reconstructed; needs independent proofreading
46	48	True	parts table	p046.jpg	reconstructed; needs independent proofreading
47	49	True	parts table	p047.jpg	reconstructed; needs independent proofreading
48	50	True	parts table	p048.jpg	reconstructed; needs independent proofreading
49	51	True	parts table	p049.jpg	reconstructed; needs independent proofreading
50	52	True	parts table	p050.jpg	reconstructed; needs independent proofreading
51	53	True	parts table	p051.jpg	reconstructed; needs independent proofreading
52	54	True	parts table	p052.jpg	reconstructed; needs independent proofreading
53	55	True	parts table	p053.jpg	reconstructed; needs independent proofreading
54	56	True	parts table	p054.jpg	reconstructed; needs independent proofreading
55	57	True	parts table	p055.jpg	reconstructed; needs independent proofreading
56	58	True	parts table	p056.jpg	reconstructed; needs independent proofreading
57	59	True	parts table	p057.jpg	reconstructed; needs independent proofreading
58	60	True	parts table	p058.jpg	reconstructed; needs independent proofreading
59	61	True	parts table	p059.jpg	reconstructed; needs independent proofreading
60	62	True	parts table	p060.jpg	reconstructed; needs independent proofreading
61	63	True	parts table	p061.jpg	reconstructed; needs independent proofreading
62	64	True	parts table	p062.jpg	reconstructed; needs independent proofreading
63	65	True	parts table	p063.jpg	reconstructed; needs independent proofreading
64	66	True	parts table	p064.jpg	reconstructed; needs independent proofreading
65	67	True	parts table	p065.jpg	reconstructed; needs independent proofreading
66	68	True	parts table	p066.jpg	reconstructed; needs independent proofreading
67	69	True	parts table	p067.jpg	reconstructed; needs independent proofreading
68	70	True	parts table	p068.jpg	reconstructed; needs independent proofreading
69	71	True	parts table	p069.jpg	reconstructed; needs independent proofreading
70	72	True	parts table	p070.jpg	reconstructed; needs independent proofreading
71	73	True	parts table	p071.jpg	reconstructed; needs independent proofreading
72	74	True	parts table	p072.jpg	reconstructed; needs independent proofreading
73	75	True	parts table	p073.jpg	reconstructed; needs independent proofreading
74	76	True	parts table	p074.jpg	reconstructed; needs independent proofreading
75	77	True	parts table	p075.jpg	reconstructed; needs independent proofreading
76	78	True	parts table	p076.jpg	reconstructed; needs independent proofreading
77	79	True	parts table	p077.jpg	reconstructed; needs independent proofreading
78	80	True	parts table	p078.jpg	reconstructed; needs independent proofreading
79	81	True	parts table	p079.jpg	reconstructed; needs independent proofreading
80	82	True	parts table	p080.jpg	reconstructed; needs independent proofreading
81	83	True	parts table	p081.jpg	reconstructed; needs independent proofreading
82	84	True	parts table	p082.jpg	reconstructed; needs independent proofreading
83	85	True	parts table	p083.jpg	reconstructed; needs independent proofreading
84	86	True	parts table	p084.jpg	reconstructed; needs independent proofreading
85	87	True	parts table	p085.jpg	reconstructed; needs independent proofreading
86	88	True	parts table	p086.jpg	reconstructed; needs independent proofreading
87	89	True	parts table	p087.jpg	reconstructed; needs independent proofreading
88	90	True	parts table	p088.jpg	reconstructed; needs independent proofreading
89	91	True	parts table	p089.jpg	reconstructed; needs independent proofreading
90	92	True	parts table	p090.jpg	reconstructed; needs independent proofreading
91	93	True	parts table	p091.jpg	reconstructed; needs independent proofreading
92	94	True	parts table	p092.jpg	reconstructed; needs independent proofreading
93	95	True	parts table	p093.jpg	reconstructed; needs independent proofreading
94	96	True	parts table	p094.jpg	reconstructed; needs independent proofreading
95	97	True	parts table	p095.jpg	reconstructed; needs independent proofreading
96	98	True	parts table	p096.jpg	reconstructed; needs independent proofreading
97	99	True	parts table	p097.jpg	reconstructed; needs independent proofreading
98	100	True	parts table	p098.jpg	reconstructed; needs independent proofreading
99	101	True	parts table	p099.jpg	reconstructed; needs independent proofreading
100	102	True	parts table	p100.jpg	reconstructed; needs independent proofreading
101	103	True	parts table	p101.jpg	reconstructed; needs independent proofreading
102	104	True	parts table	p102.jpg	reconstructed; needs independent proofreading
103	105	True	parts table	p103.jpg	reconstructed; needs independent proofreading
104	106	True	parts table	p104.jpg	reconstructed; needs independent proofreading
105	107	True	parts table	p105.jpg	reconstructed; needs independent proofreading
106	108	True	parts table	p106.jpg	reconstructed; needs independent proofreading
107	109	True	parts table	p107.jpg	reconstructed; needs independent proofreading
108	110	True	parts table	p108.jpg	reconstructed; needs independent proofreading
109	111	True	parts table	p109.jpg	reconstructed; needs independent proofreading
110	112	True	parts table	p110.jpg	reconstructed; needs independent proofreading
111	113	True	parts table	p111.jpg	reconstructed; needs independent proofreading
112	114	True	parts table	p112.jpg	reconstructed; needs independent proofreading
113	115	True	parts table	p113.jpg	reconstructed; needs independent proofreading
114	116	True	parts table	p114.jpg	reconstructed; needs independent proofreading
115	117	True	parts table	p115.jpg	reconstructed; needs independent proofreading
116	118	True	parts table	p116.jpg	reconstructed; needs independent proofreading
117	119	True	parts table	p117.jpg	reconstructed; needs independent proofreading
118	120	True	parts table	p118.jpg	reconstructed; needs independent proofreading
119	121	True	parts table	p119.jpg	reconstructed; needs independent proofreading
120	122	True	parts table	p120.jpg	reconstructed; needs independent proofreading
121	123	True	parts table	p121.jpg	reconstructed; needs independent proofreading
122	124	True	parts table	p122.jpg	reconstructed; needs independent proofreading
123	125	True	parts table	p123.jpg	reconstructed; needs independent proofreading
124	126	True	parts table	p124.jpg	reconstructed; needs independent proofreading
125	127	True	parts table	p125.jpg	reconstructed; needs independent proofreading
126	128	True	parts table	p126.jpg	reconstructed; needs independent proofreading
127	129	True	parts table	p127.jpg	reconstructed; needs independent proofreading
128	130	True	parts table	p128.jpg	reconstructed; needs independent proofreading
129	131	True	parts table	p129.jpg	reconstructed; needs independent proofreading
130	132	True	parts table	p130.jpg	reconstructed; needs independent proofreading
131	133	True	parts table	p131.jpg	reconstructed; needs independent proofreading
132	134	True	parts table	p132.jpg	reconstructed; needs independent proofreading
133	135	True	parts table	p133.jpg	reconstructed; needs independent proofreading
134	136	True	parts table	p134.jpg	reconstructed; needs independent proofreading
135	137	True	parts table	p135.jpg	reconstructed; needs independent proofreading
136	138	True	parts table	p136.jpg	reconstructed; needs independent proofreading
137	139	True	parts table	p137.jpg	reconstructed; needs independent proofreading
138	140	True	parts table	p138.jpg	reconstructed; needs independent proofreading
139	141	True	parts table	p139.jpg	reconstructed; needs independent proofreading
140	142	True	parts table	p140.jpg	reconstructed; needs independent proofreading
141	143	True	parts table	p141.jpg	reconstructed; needs independent proofreading
142	144	True	parts table	p142.jpg	reconstructed; needs independent proofreading
143	145	True	parts table	p143.jpg	reconstructed; needs independent proofreading
144	146	True	parts table	p144.jpg	reconstructed; needs independent proofreading
145	147	True	parts table	p145.jpg	reconstructed; needs independent proofreading
146	148	True	parts table	p146.jpg	reconstructed; needs independent proofreading
147	149	True	parts table	p147.jpg	reconstructed; needs independent proofreading
148	150	True	parts table	p148.jpg	reconstructed; needs independent proofreading
149	151	True	parts table	p149.jpg	reconstructed; needs independent proofreading
150	152	True	parts table	p150.jpg	reconstructed; needs independent proofreading
151	153	True	parts table	p151.jpg	reconstructed; needs independent proofreading
152	154	True	parts table	p152.jpg	reconstructed; needs independent proofreading
153	155	True	parts table	p153.jpg	reconstructed; needs independent proofreading
154	156	True	parts table	p154.jpg	reconstructed; needs independent proofreading
155	157	True	parts table	p155.jpg	reconstructed; needs independent proofreading
156	158	True	parts table	p156.jpg	reconstructed; needs independent proofreading
157	159	True	parts table	p157.jpg	reconstructed; needs independent proofreading
158	160	True	parts table	p158.jpg	reconstructed; needs independent proofreading
159	161	True	parts table	p159.jpg	reconstructed; needs independent proofreading
160	162	True	parts table	p160.jpg	reconstructed; needs independent proofreading
161	163	True	parts table	p161.jpg	reconstructed; needs independent proofreading
162	164	True	parts table	p162.jpg	reconstructed; needs independent proofreading
163	165	True	parts table	p163.jpg	reconstructed; needs independent proofreading
164	166	True	parts table	p164.jpg	reconstructed; needs independent proofreading
165	167	True	parts table	p165.jpg	reconstructed; needs independent proofreading
166	168	True	parts table	p166.jpg	reconstructed; needs independent proofreading
167	169	True	parts table	p167.jpg	reconstructed; needs independent proofreading
168	170	True	parts table	p168.jpg	reconstructed; needs independent proofreading
169	171	True	parts table	p169.jpg	reconstructed; needs independent proofreading
170	172	True	parts table	p170.jpg	reconstructed; needs independent proofreading
171	173	True	parts table	p171.jpg	reconstructed; needs independent proofreading
172	174	True	parts table	p172.jpg	reconstructed; needs independent proofreading
173	175	True	parts table	p173.jpg	reconstructed; needs independent proofreading
174	176	True	parts table	p174.jpg	reconstructed; needs independent proofreading
175	177	True	parts table	p175.jpg	reconstructed; needs independent proofreading
176	178	True	parts table	p176.jpg	reconstructed; needs independent proofreading
177	179	True	parts table	p177.jpg	reconstructed; needs independent proofreading
178	180	True	parts table	p178.jpg	reconstructed; needs independent proofreading
179	181	True	parts table	p179.jpg	reconstructed; needs independent proofreading
180	182	True	parts table	p180.jpg	reconstructed; needs independent proofreading
181	183	True	parts table	p181.jpg	reconstructed; needs independent proofreading
182	184	True	parts table	p182.jpg	reconstructed; needs independent proofreading
183	185	True	parts table	p183.jpg	reconstructed; needs independent proofreading
184	186	True	parts table	p184.jpg	reconstructed; needs independent proofreading
185	187	True	parts table	p185.jpg	reconstructed; needs independent proofreading
186	188	True	parts table	p186.jpg	reconstructed; needs independent proofreading
187	189	True	parts table	p187.jpg	reconstructed; needs independent proofreading
188	190	True	parts table	p188.jpg	reconstructed; needs independent proofreading
189	191	True	parts table	p189.jpg	reconstructed; needs independent proofreading
190	192	True	parts table	p190.jpg	reconstructed; needs independent proofreading
191	193	True	parts table	p191.jpg	reconstructed; needs independent proofreading
192	194	True	parts table	p192.jpg	reconstructed; needs independent proofreading
193	195	True	parts table	p193.jpg	reconstructed; needs independent proofreading
194	196	True	parts table	p194.jpg	reconstructed; needs independent proofreading
195	197	True	parts table	p195.jpg	reconstructed; needs independent proofreading
196	198	True	parts table	p196.jpg	reconstructed; needs independent proofreading
197	199	True	parts table	p197.jpg	reconstructed; needs independent proofreading
198	200	True	parts table	p198.jpg	reconstructed; needs independent proofreading
199	201	True	parts table	p199.jpg	reconstructed; needs independent proofreading
200	202	True	parts table	p200.jpg	reconstructed; needs independent proofreading
201	203	True	parts table	p201.jpg	reconstructed; needs independent proofreading
202	204	True	parts table	p202.jpg	reconstructed; needs independent proofreading
203	205	True	parts table	p203.jpg	reconstructed; needs independent proofreading
204	206	True	parts table	p204.jpg	reconstructed; needs independent proofreading
205	207	True	parts table	p205.jpg	reconstructed; needs independent proofreading
206	208	True	parts table	p206.jpg	reconstructed; needs independent proofreading
207	209	True	parts table	p207.jpg	reconstructed; needs independent proofreading
208	210	True	parts table	p208.jpg	reconstructed; needs independent proofreading
209	211	True	parts table	p209.jpg	reconstructed; needs independent proofreading
210	212	True	parts table	p210.jpg	reconstructed; needs independent proofreading
211	213	True	parts table	p211.jpg	reconstructed; needs independent proofreading
212	214	True	parts table	p212.jpg	reconstructed; needs independent proofreading
213	215	True	parts table	p213.jpg	reconstructed; needs independent proofreading
214	216	True	parts table	p214.jpg	reconstructed; needs independent proofreading
215	217	True	parts table	p215.jpg	reconstructed; needs independent proofreading
216	218	True	parts table	p216.jpg	reconstructed; needs independent proofreading
217	219	True	parts table	p217.jpg	reconstructed; needs independent proofreading
218	220	True	parts table	p218.jpg	reconstructed; needs independent proofreading
219	221	True	parts table	p219.jpg	reconstructed; needs independent proofreading
220	222	True	parts table	p220.jpg	reconstructed; needs independent proofreading
221	223	True	parts table	p221.jpg	reconstructed; needs independent proofreading
222	224	True	parts table	p222.jpg	reconstructed; needs independent proofreading
223	225	True	parts table	p223.jpg	reconstructed; needs independent proofreading
224	226	True	parts table	p224.jpg	reconstructed; needs independent proofreading
225	227	True	parts table	p225.jpg	reconstructed; needs independent proofreading
226	228	True	parts table	p226.jpg	reconstructed; needs independent proofreading
227	229	True	parts table	p227.jpg	reconstructed; needs independent proofreading
228	230	True	parts table	p228.jpg	reconstructed; needs independent proofreading
229	231	True	parts table	p229.jpg	reconstructed; needs independent proofreading
230	232	True	parts table	p230.jpg	reconstructed; needs independent proofreading
231	233	True	parts table	p231.jpg	reconstructed; needs independent proofreading
232	234	True	parts table	p232.jpg	reconstructed; needs independent proofreading
233	235	True	parts table	p233.jpg	reconstructed; needs independent proofreading
234	236	True	parts table	p234.jpg	reconstructed; needs independent proofreading
235	237	True	parts table	p235.jpg	reconstructed; needs independent proofreading
236	238	True	parts table	p236.jpg	reconstructed; needs independent proofreading
237	239	True	parts table	p237.jpg	reconstructed; needs independent proofreading
238	240	True	parts table	p238.jpg	reconstructed; needs independent proofreading
239	241	True	parts table	p239.jpg	reconstructed; needs independent proofreading
240	242	True	parts table	p240.jpg	reconstructed; needs independent proofreading
241	243	True	parts table	p241.jpg	reconstructed; needs independent proofreading
242	244	True	parts table	p242.jpg	reconstructed; needs independent proofreading
243	245	True	parts table	p243.jpg	reconstructed; needs independent proofreading
244	246	True	parts table	p244.jpg	reconstructed; needs independent proofreading
245	247	True	parts table	p245.jpg	reconstructed; needs independent proofreading
246	248	True	parts table	p246.jpg	reconstructed; needs independent proofreading
247	249	True	parts table	p247.jpg	reconstructed; needs independent proofreading
248	250	True	parts table	p248.jpg	reconstructed; needs independent proofreading
249	251	True	parts table	p249.jpg	reconstructed; needs independent proofreading
250	252	True	parts table	p250.jpg	reconstructed; needs independent proofreading
251	253	True	parts table	p251.jpg	reconstructed; needs independent proofreading
252	254	True	parts table	p252.jpg	reconstructed; needs independent proofreading
253	255	True	parts table	p253.jpg	reconstructed; needs independent proofreading
254	256	True	parts table	p254.jpg	reconstructed; needs independent proofreading
255	257	True	parts table	p255.jpg	reconstructed; needs independent proofreading
256	258	True	parts table	p256.jpg	reconstructed; needs independent proofreading
257	259	True	parts table	p257.jpg	reconstructed; needs independent proofreading
258	260	True	parts table	p258.jpg	reconstructed; needs independent proofreading
259	261	True	parts table	p259.jpg	reconstructed; needs independent proofreading
260	262	True	parts table	p260.jpg	reconstructed; needs independent proofreading
261	263	True	parts table	p261.jpg	reconstructed; needs independent proofreading
262	264	True	parts table	p262.jpg	reconstructed; needs independent proofreading
263	265	True	parts table	p263.jpg	reconstructed; needs independent proofreading
264	266	True	parts table	p264.jpg	reconstructed; needs independent proofreading
265	267	True	parts table	p265.jpg	reconstructed; needs independent proofreading
266	268	True	parts table	p266.jpg	reconstructed; needs independent proofreading
267	269	True	parts table	p267.jpg	reconstructed; needs independent proofreading
268	270	True	parts table	p268.jpg	reconstructed; needs independent proofreading
269	271	True	parts table	p269.jpg	reconstructed; needs independent proofreading
270	272	True	parts table	p270.jpg	reconstructed; needs independent proofreading
271	273	True	parts table	p271.jpg	reconstructed; needs independent proofreading
272	274	True	parts table	p272.jpg	reconstructed; needs independent proofreading
273	275	True	parts table	p273.jpg	reconstructed; needs independent proofreading
274	276	True	parts table	p274.jpg	reconstructed; needs independent proofreading
275	277	True	parts table	p275.jpg	reconstructed; needs independent proofreading
276	278	True	parts table	p276.jpg	reconstructed; needs independent proofreading
277	279	True	plate page	p277.jpg	original artwork; individually reviewed correction
278	281	True	plate page	p278.jpg	original artwork; individually reviewed correction
279	282	True	plate page	p279.jpg	original artwork; individually reviewed correction
280	283	True	plate page	p280.jpg	original artwork; individually reviewed correction
281	284	True	plate page	p281.jpg	original artwork; individually reviewed correction
282	285	True	plate page	p282.jpg	original artwork; individually reviewed correction
283	286	True	plate page	p283.jpg	original artwork; individually reviewed correction
284	287	True	plate page	p284.jpg	original artwork; individually reviewed correction
285	288	True	plate page	p285.jpg	original artwork; individually reviewed correction
286	289	True	plate page	p286.jpg	original artwork; individually reviewed correction
287	290	True	plate page	p287.jpg	original artwork; individually reviewed correction
288	291	True	plate page	p288.jpg	original artwork; individually reviewed correction
289	292	True	plate page	p289.jpg	original artwork; individually reviewed correction
290	293	True	plate page	p290.jpg	original artwork; individually reviewed correction
291	294	True	plate page	p291.jpg	original artwork; individually reviewed correction
292	295	True	plate page	p292.jpg	original artwork; individually reviewed correction
293	296	True	plate page	p293.jpg	original artwork; individually reviewed correction
294	297	True	plate page	p294.jpg	original artwork; individually reviewed correction
295	298	True	plate page	p295.jpg	original artwork; individually reviewed correction
296	299	True	plate page	p296.jpg	original artwork; individually reviewed correction
297	300	True	plate page	p297.jpg	original artwork; individually reviewed correction
298	301	True	plate page	p298.jpg	original artwork; individually reviewed correction
299	302	True	plate page	p299.jpg	original artwork; individually reviewed correction
300	303	True	plate page	p300.jpg	original artwork; individually reviewed correction
301	304	True	plate page	p301.jpg	original artwork; individually reviewed correction
302	305	True	plate page	p302.jpg	original artwork; individually reviewed correction
303	306	True	plate page	p303.jpg	original artwork; individually reviewed correction
304	307	True	plate page	p304.jpg	original artwork; individually reviewed correction
305	308	True	plate page	p305.jpg	original artwork; individually reviewed correction
306	309	True	plate page	p306.jpg	original artwork; individually reviewed correction
307	310	True	notes	p307.jpg	reconstructed; needs independent proofreading
308	311	True	notes	p308.jpg	reconstructed; needs independent proofreading
309	312	True	notes	p309.jpg	reconstructed; needs independent proofreading
310	313	True	notes	p310.jpg	reconstructed; needs independent proofreading
311	314	True	notes	p311.jpg	reconstructed; needs independent proofreading
Face p. 277	280	True	foldout	p277_foldout.jpg	source artwork; provisional wide page
